00:05:53 01-11-2022,Anonymous,User logged out
00:06:38 01-11-2022,Anonymous,User logged out
00:07:02 01-11-2022,Anonymous,User logged out
00:16:08 01-11-2022,Anonymous,User logged out
00:20:20 01-11-2022,Anonymous,User logged out
00:22:47 01-11-2022,Anonymous,User logged out
00:24:03 01-11-2022,Anonymous,User logged out
00:24:21 01-11-2022,Anonymous,User logged out
00:25:31 01-11-2022,Anonymous,User logged out
00:25:47 01-11-2022,Anonymous,User logged out
00:26:34 01-11-2022,Anonymous,User logged out
00:27:55 01-11-2022,Anonymous,User logged out
00:28:06 01-11-2022,Anonymous,User logged out
00:28:35 01-11-2022,Anonymous,User logged out
00:28:48 01-11-2022,Anonymous,User logged out
00:29:55 01-11-2022,Anonymous,User logged out
00:30:06 01-11-2022,Anonymous,User logged out
21:06:37 01-11-2022,Anonymous,User logged out
21:24:09 01-11-2022,Anonymous,User logged out
21:26:24 01-11-2022,Anonymous,User logged out
21:28:49 01-11-2022,Anonymous,User logged out
21:29:48 01-11-2022,Anonymous,User logged out
21:36:55 01-11-2022,Anonymous,User logged out
21:37:22 01-11-2022,Anonymous,User logged out
21:39:56 01-11-2022,Anonymous,User logged out
21:42:25 01-11-2022,Anonymous,User logged out
21:45:18 01-11-2022,Anonymous,User logged out
21:45:58 01-11-2022,Anonymous,User logged out
21:46:56 01-11-2022,Anonymous,User logged out
21:48:29 01-11-2022,Anonymous,User logged out
21:49:49 01-11-2022,Anonymous,User logged out
21:54:54 01-11-2022,Anonymous,User logged out
21:58:27 01-11-2022,Anonymous,User logged out
21:59:28 01-11-2022,Anonymous,User logged out
22:02:47 01-11-2022,Anonymous,User logged out
22:05:03 01-11-2022,Anonymous,User logged out
22:08:37 01-11-2022,Anonymous,User logged out
22:14:08 01-11-2022,Anonymous,User logged out
22:14:34 01-11-2022,Anonymous,User logged out
22:27:43 01-11-2022,Anonymous,User logged out
22:30:27 01-11-2022,Anonymous,User logged out
11:04:40 02-11-2022,Anonymous,User logged out
11:30:18 02-11-2022,Anonymous,User logged out
16:37:24 02-11-2022,Jake,Not enough change
16:37:24 02-11-2022,Sam,Not enough change
16:38:15 02-11-2022,Jake,Not enough change
16:38:15 02-11-2022,Sam,Not enough change
16:38:31 02-11-2022,Jake,Not enough change
16:38:31 02-11-2022,Sam,Not enough change
16:39:37 02-11-2022,Jake,Not enough change
16:39:37 02-11-2022,Sam,Not enough change
16:44:48 02-11-2022,Jake,Not enough change
16:44:48 02-11-2022,Sam,Not enough change
16:45:12 02-11-2022,Jake,Not enough change
16:45:12 02-11-2022,Sam,Not enough change
16:48:08 02-11-2022,Jake,Not enough change
16:48:08 02-11-2022,Sam,Not enough change
16:48:35 02-11-2022,Jake,Not enough change
16:48:35 02-11-2022,Sam,Not enough change
16:48:49 02-11-2022,Jake,Not enough change
16:48:49 02-11-2022,Sam,Not enough change
16:49:25 02-11-2022,Jake,Not enough change
16:49:25 02-11-2022,Sam,Not enough change
16:49:35 02-11-2022,Jake,Not enough change
16:49:35 02-11-2022,Sam,Not enough change
16:50:20 02-11-2022,Jake,Not enough change
16:50:20 02-11-2022,Sam,Not enough change
16:50:58 02-11-2022,Jake,Not enough change
16:50:58 02-11-2022,Sam,Not enough change
16:51:33 02-11-2022,Jake,Not enough change
16:51:33 02-11-2022,Sam,Not enough change
16:52:28 02-11-2022,Jake,Not enough change
16:52:28 02-11-2022,Sam,Not enough change
16:55:03 02-11-2022,Jake,Not enough change
16:55:03 02-11-2022,Sam,Not enough change
16:55:13 02-11-2022,Jake,Not enough change
16:55:13 02-11-2022,Sam,Not enough change
16:55:23 02-11-2022,Jake,Not enough change
16:55:23 02-11-2022,Sam,Not enough change
16:55:30 02-11-2022,Jake,Not enough change
16:55:30 02-11-2022,Sam,Not enough change
16:56:16 02-11-2022,Jake,Not enough change
16:56:16 02-11-2022,Sam,Not enough change
16:56:25 02-11-2022,Jake,Not enough change
16:56:25 02-11-2022,Sam,Not enough change
16:56:34 02-11-2022,Jake,Not enough change
16:56:34 02-11-2022,Sam,Not enough change
16:56:44 02-11-2022,Jake,Not enough change
16:56:44 02-11-2022,Sam,Not enough change
16:57:07 02-11-2022,Jake,Not enough change
16:57:07 02-11-2022,Sam,Not enough change
16:57:31 02-11-2022,Jake,Not enough change
16:57:31 02-11-2022,Sam,Not enough change
16:58:17 02-11-2022,Jake,Not enough change
16:58:17 02-11-2022,Sam,Not enough change
17:03:30 02-11-2022,Jake,Not enough change
17:03:30 02-11-2022,Sam,Not enough change
17:03:56 02-11-2022,Jake,Not enough change
17:03:56 02-11-2022,Sam,Not enough change
17:04:11 02-11-2022,Jake,Not enough change
17:04:11 02-11-2022,Sam,Not enough change
17:08:12 02-11-2022,Jake,Not enough change
17:08:12 02-11-2022,Sam,Not enough change
17:08:24 02-11-2022,Jake,Not enough change
17:08:24 02-11-2022,Sam,Not enough change
17:14:33 02-11-2022,Jake,Not enough change
17:14:33 02-11-2022,Sam,Not enough change
17:16:20 02-11-2022,Jake,Not enough change
17:16:20 02-11-2022,Sam,Not enough change
17:16:47 02-11-2022,Jake,Not enough change
17:16:47 02-11-2022,Sam,Not enough change
17:17:04 02-11-2022,Jake,Not enough change
17:17:04 02-11-2022,Sam,Not enough change
17:17:17 02-11-2022,Jake,Not enough change
17:17:17 02-11-2022,Sam,Not enough change
17:17:29 02-11-2022,Jake,Not enough change
17:17:29 02-11-2022,Sam,Not enough change
17:17:43 02-11-2022,Jake,Not enough change
17:17:43 02-11-2022,Sam,Not enough change
17:18:03 02-11-2022,Jake,Not enough change
17:18:03 02-11-2022,Sam,Not enough change
17:19:02 02-11-2022,Jake,Not enough change
17:19:02 02-11-2022,Sam,Not enough change
17:19:32 02-11-2022,Jake,Not enough change
17:19:32 02-11-2022,Sam,Not enough change
17:19:53 02-11-2022,Jake,Not enough change
17:19:53 02-11-2022,Sam,Not enough change
17:25:45 02-11-2022,Jake,Not enough change
17:25:45 02-11-2022,Sam,Not enough change
17:26:00 02-11-2022,Jake,Not enough change
17:26:00 02-11-2022,Sam,Not enough change
17:27:00 02-11-2022,Jake,Not enough change
17:27:00 02-11-2022,Sam,Not enough change
17:27:36 02-11-2022,Jake,Not enough change
17:27:36 02-11-2022,Sam,Not enough change
17:29:11 02-11-2022,Jake,Not enough change
17:29:11 02-11-2022,Sam,Not enough change
17:29:27 02-11-2022,Jake,Not enough change
17:29:27 02-11-2022,Sam,Not enough change
17:30:21 02-11-2022,Jake,Not enough change
17:30:21 02-11-2022,Sam,Not enough change
17:31:51 02-11-2022,Jake,Not enough change
17:31:51 02-11-2022,Sam,Not enough change
17:34:00 02-11-2022,Jake,Not enough change
17:34:00 02-11-2022,Sam,Not enough change
17:34:49 02-11-2022,Jake,Not enough change
17:34:49 02-11-2022,Sam,Not enough change
17:35:14 02-11-2022,Jake,Not enough change
17:35:14 02-11-2022,Sam,Not enough change
17:35:24 02-11-2022,Jake,Not enough change
17:35:24 02-11-2022,Sam,Not enough change
17:36:03 02-11-2022,Jake,Not enough change
17:36:03 02-11-2022,Sam,Not enough change
17:38:08 02-11-2022,Jake,Not enough change
17:38:08 02-11-2022,Sam,Not enough change
17:38:38 02-11-2022,Jake,Not enough change
17:38:38 02-11-2022,Sam,Not enough change
17:41:58 02-11-2022,Jake,Not enough change
17:41:58 02-11-2022,Sam,Not enough change
17:42:44 02-11-2022,Jake,Not enough change
17:42:44 02-11-2022,Sam,Not enough change
17:43:48 02-11-2022,Jake,Not enough change
17:43:48 02-11-2022,Sam,Not enough change
17:44:42 02-11-2022,Jake,Not enough change
17:44:42 02-11-2022,Sam,Not enough change
17:45:17 02-11-2022,Jake,Not enough change
17:45:17 02-11-2022,Sam,Not enough change
17:45:30 02-11-2022,Jake,Not enough change
17:45:30 02-11-2022,Sam,Not enough change
17:45:49 02-11-2022,Jake,Not enough change
17:45:49 02-11-2022,Sam,Not enough change
17:46:06 02-11-2022,Jake,Not enough change
17:46:06 02-11-2022,Sam,Not enough change
17:46:23 02-11-2022,Jake,Not enough change
17:46:23 02-11-2022,Sam,Not enough change
17:46:50 02-11-2022,Jake,Not enough change
17:46:50 02-11-2022,Sam,Not enough change
17:47:06 02-11-2022,Jake,Not enough change
17:47:06 02-11-2022,Sam,Not enough change
17:47:19 02-11-2022,Jake,Not enough change
17:47:19 02-11-2022,Sam,Not enough change
17:47:31 02-11-2022,Jake,Not enough change
17:47:31 02-11-2022,Sam,Not enough change
17:47:42 02-11-2022,Jake,Not enough change
17:47:42 02-11-2022,Sam,Not enough change
17:47:53 02-11-2022,Jake,Not enough change
17:47:53 02-11-2022,Sam,Not enough change
17:48:02 02-11-2022,Jake,Not enough change
17:48:02 02-11-2022,Sam,Not enough change
17:48:13 02-11-2022,Jake,Not enough change
17:48:13 02-11-2022,Sam,Not enough change
18:25:19 02-11-2022,Jake,Not enough change
18:25:19 02-11-2022,Sam,Not enough change
18:31:20 02-11-2022,Jake,Not enough change
18:31:20 02-11-2022,Sam,Not enough change
18:33:13 02-11-2022,Jake,Not enough change
18:33:13 02-11-2022,Sam,Not enough change
18:34:01 02-11-2022,Jake,Not enough change
18:34:02 02-11-2022,Sam,Not enough change
18:34:16 02-11-2022,Jake,Not enough change
18:34:16 02-11-2022,Sam,Not enough change
18:34:23 02-11-2022,Jake,Not enough change
18:34:23 02-11-2022,Sam,Not enough change
18:35:12 02-11-2022,Jake,Not enough change
18:35:12 02-11-2022,Sam,Not enough change
18:38:33 02-11-2022,Jake,Not enough change
18:38:33 02-11-2022,Sam,Not enough change
21:06:36 02-11-2022,Jake,Not enough change
21:06:36 02-11-2022,Sam,Not enough change
21:07:13 02-11-2022,Jake,Not enough change
21:07:13 02-11-2022,Sam,Not enough change
21:07:38 02-11-2022,Jake,Not enough change
21:07:38 02-11-2022,Sam,Not enough change
21:08:41 02-11-2022,Jake,Not enough change
21:08:41 02-11-2022,Sam,Not enough change
21:12:53 02-11-2022,Jake,Not enough change
21:12:53 02-11-2022,Sam,Not enough change
21:13:03 02-11-2022,Jake,Not enough change
21:13:03 02-11-2022,Sam,Not enough change
21:14:22 02-11-2022,Jake,Not enough change
21:14:22 02-11-2022,Sam,Not enough change
21:14:30 02-11-2022,Jake,Not enough change
21:14:30 02-11-2022,Sam,Not enough change
21:15:56 02-11-2022,Jake,Not enough change
21:15:56 02-11-2022,Sam,Not enough change
21:16:19 02-11-2022,Jake,Not enough change
21:16:19 02-11-2022,Sam,Not enough change
21:18:31 02-11-2022,Jake,Not enough change
21:18:31 02-11-2022,Sam,Not enough change
21:19:16 02-11-2022,Jake,Not enough change
21:19:16 02-11-2022,Sam,Not enough change
21:19:45 02-11-2022,Jake,Not enough change
21:19:45 02-11-2022,Sam,Not enough change
21:20:37 02-11-2022,Jake,Not enough change
21:20:37 02-11-2022,Sam,Not enough change
21:20:53 02-11-2022,Jake,Not enough change
21:20:53 02-11-2022,Sam,Not enough change
21:21:06 02-11-2022,Jake,Not enough change
21:21:06 02-11-2022,Sam,Not enough change
21:21:54 02-11-2022,Jake,Not enough change
21:21:54 02-11-2022,Sam,Not enough change
21:22:01 02-11-2022,Jake,Not enough change
21:22:01 02-11-2022,Sam,Not enough change
21:22:20 02-11-2022,Jake,Not enough change
21:22:20 02-11-2022,Sam,Not enough change
08:08:48 03-11-2022,Anonymous,User logged out
08:12:14 03-11-2022,Anonymous,User cancelled order
08:12:15 03-11-2022,Anonymous,User logged out
08:14:22 03-11-2022,Anonymous,User logged out
08:15:26 03-11-2022,Anonymous,User logged out
08:20:35 03-11-2022,Jake,Not enough change
08:20:35 03-11-2022,Sam,Not enough change
08:21:00 03-11-2022,Jake,Not enough change
08:21:00 03-11-2022,Sam,Not enough change
08:21:22 03-11-2022,Jake,Not enough change
08:21:22 03-11-2022,Sam,Not enough change
08:22:03 03-11-2022,Jake,Not enough change
08:22:03 03-11-2022,Sam,Not enough change
08:23:09 03-11-2022,Jake,Not enough change
08:23:09 03-11-2022,Sam,Not enough change
08:28:59 03-11-2022,Jake,Not enough change
08:28:59 03-11-2022,Sam,Not enough change
08:29:33 03-11-2022,Jake,Not enough change
08:29:33 03-11-2022,Sam,Not enough change
08:36:17 03-11-2022,Jake,Not enough change
08:36:17 03-11-2022,Sam,Not enough change
08:36:36 03-11-2022,Jake,Not enough change
08:36:36 03-11-2022,Sam,Not enough change
08:37:56 03-11-2022,Jake,Not enough change
08:37:56 03-11-2022,Sam,Not enough change
08:38:59 03-11-2022,Jake,Not enough change
08:38:59 03-11-2022,Sam,Not enough change
08:41:42 03-11-2022,Jake,Not enough change
08:41:42 03-11-2022,Sam,Not enough change
08:43:28 03-11-2022,Anonymous,User cancelled order
08:43:56 03-11-2022,Anonymous,User cancelled order
08:44:42 03-11-2022,Anonymous,User cancelled order
08:45:19 03-11-2022,Anonymous,User cancelled order
08:49:14 03-11-2022,Anonymous,User logged out
22:30:33 03-11-2022,Jake,Not enough change
22:30:33 03-11-2022,Sam,Not enough change
22:32:29 03-11-2022,Jake,Not enough change
22:32:29 03-11-2022,Sam,Not enough change
22:32:55 03-11-2022,Jake,Not enough change
22:32:55 03-11-2022,Sam,Not enough change
22:34:32 03-11-2022,Jake,Not enough change
22:34:32 03-11-2022,Sam,Not enough change
22:40:04 03-11-2022,Jake,Not enough change
22:40:04 03-11-2022,Sam,Not enough change
22:41:27 03-11-2022,Jake,Not enough change
22:41:27 03-11-2022,Sam,Not enough change
22:42:28 03-11-2022,Jake,Not enough change
22:42:28 03-11-2022,Sam,Not enough change
22:44:10 03-11-2022,Jake,Not enough change
22:44:10 03-11-2022,Sam,Not enough change
22:48:05 03-11-2022,Jake,Not enough change
22:48:05 03-11-2022,Sam,Not enough change
